일시,기온(°C),강수량(mm),풍속(m/s),습도(%),일조(hr),일사(MJ/m2),전운량(10분위)
2022-06-29 1:00,26.2,,2.9,97,,,9
2022-06-29 2:00,26.1,,3.5,96,,,9
2022-06-29 3:00,26.3,,3,94,,,9
2022-06-29 4:00,26.5,,2.6,94,,,9
2022-06-29 5:00,26.5,0,2.2,94,,,10
2022-06-29 6:00,26.2,0,3.7,98,0,0.05,10
2022-06-29 7:00,25.6,0,4,99,0,0.1,10
2022-06-29 8:00,25,0.7,3.5,99,0,0.28,10
2022-06-29 9:00,25.3,0.7,3,99,0,0.66,10
2022-06-29 10:00,25.8,5.7,5.5,99,0.3,1.14,10
2022-06-29 11:00,26.5,,4,99,0.4,1.97,10
2022-06-29 12:00,28.2,,4.6,99,0.1,1.73,10
2022-06-29 13:00,28,,4.4,95,0.3,1.8,10
2022-06-29 14:00,27.8,,3.8,97,0.1,1.25,10
2022-06-29 15:00,28.2,0.1,4,98,0,1.01,10
2022-06-29 16:00,28.8,,5.1,88,0.1,1.41,10
2022-06-29 17:00,28.1,0,3.9,92,0.3,0.95,10
2022-06-29 18:00,27.2,0,2.9,99,0,0.35,10
2022-06-29 19:00,26.7,0,2.1,99,0,0.21,10
2022-06-29 20:00,26.2,0.3,3.1,99,0,0.08,10
2022-06-29 21:00,25.3,0.7,2.4,99,,,10
2022-06-29 22:00,25.4,0.2,2.4,99,,,10
2022-06-29 23:00,25,0.1,2.4,99,,,5
2022-06-30 0:00,25.1,0,3.1,99,,,10
2022-06-30 1:00,25.2,0.1,2.8,99,,,10
2022-06-30 2:00,25.2,0,2,99,,,8
2022-06-30 3:00,25.1,,2,99,,,9
2022-06-30 4:00,24.5,1.2,1.9,99,,,10
2022-06-30 5:00,24.7,0.1,3.1,99,,,10
2022-06-30 6:00,24.7,0.2,2.6,99,0,0.08,10
2022-06-30 7:00,25.3,0.1,1.8,99,0,0.27,9
2022-06-30 8:00,26.9,,2.8,99,0.5,1.15,9
2022-06-30 9:00,27.1,,2.2,98,0.2,1.1,7
2022-06-30 10:00,27.9,,1.6,99,0.1,0.76,8
2022-06-30 11:00,27.8,,3.7,94,0.3,1.28,10
2022-06-30 12:00,28.3,0,2.8,94,0,1.31,9
2022-06-30 13:00,29.6,,3.3,83,0.5,2.18,8
2022-06-30 14:00,29,,3.2,83,0.4,1.67,8
2022-06-30 15:00,29.4,,2.9,82,0,1.13,9
2022-06-30 16:00,29.4,,3.5,81,0.1,1.27,8
2022-06-30 17:00,29.3,,2.8,81,0,0.85,8
2022-06-30 18:00,29.7,,3.1,80,1,1.01,6
2022-06-30 19:00,29.1,,2.5,81,0.6,0.88,7
2022-06-30 20:00,27.5,,2.1,92,0.3,0.19,7
2022-06-30 21:00,26.7,,2.5,96,,,5
2022-06-30 22:00,26.2,,1.9,98,,,4
2022-06-30 23:00,25.9,,1.6,98,,,3
2022-07-01 0:00,25.6,,2.2,99,,,3
2022-07-01 1:00,25.1,,1.4,99,,,2
2022-07-01 2:00,25,,1.8,99,,,4
2022-07-01 3:00,24.9,,1.6,99,,,2
2022-07-01 4:00,24.5,,0.4,99,,,3
2022-07-01 5:00,24.4,,1,99,,,3
2022-07-01 6:00,24,,0.9,99,0.1,0.1,2
2022-07-01 7:00,25.1,,0.9,99,1,0.59,2
2022-07-01 8:00,27.3,,2.5,88,1,1.29,2
2022-07-01 9:00,28.4,,3.3,83,1,1.96,1
2022-07-01 10:00,29.8,,1.9,74,1,2.75,1
2022-07-01 11:00,30.1,,1.5,70,0.9,2.62,4
2022-07-01 12:00,30.6,,3.6,68,0.6,2.08,5
2022-07-01 13:00,31,,3.1,64,0.7,2.73,5
2022-07-01 14:00,31.2,,3,64,0.7,2.57,6
2022-07-01 15:00,32.5,,2.6,63,0.9,2.76,6
2022-07-01 16:00,32.4,,2.6,58,0.9,2.43,3
2022-07-01 17:00,32.3,,3.3,57,0.9,1.98,1
2022-07-01 18:00,31.7,,3,54,1,1.44,0
2022-07-01 19:00,30.3,,2.8,61,0.6,0.73,0
2022-07-01 20:00,28.9,,3.1,62,0.4,0.15,1
2022-07-01 21:00,27.4,,1.4,67,,,0
2022-07-01 22:00,27.1,,1.5,73,,,0
2022-07-01 23:00,26.8,,0.5,76,,,0
2022-07-02 0:00,25.9,,0.1,79,,,0
2022-07-02 1:00,25.2,,0.7,85,,,0
2022-07-02 2:00,24.6,,0.4,87,,,0
2022-07-02 3:00,23.8,,0.4,94,,,0
2022-07-02 4:00,23.2,,1,97,,,3
2022-07-02 5:00,23.2,,0.9,97,,,4
2022-07-02 6:00,23.4,,0.7,97,0.1,0.11,6
2022-07-02 7:00,23.8,,0.1,97,1,0.66,5
2022-07-02 8:00,26.3,,0.4,85,1,1.24,0
2022-07-02 9:00,28.3,,0.4,74,1,2.01,0
2022-07-02 10:00,30.6,,0.4,67,1,2.69,3
2022-07-02 11:00,31.9,,0.9,58,1,3.14,6
2022-07-02 12:00,32,,0.7,57,1,3.23,6
2022-07-02 13:00,33,,0.8,54,1,3.4,5
2022-07-02 14:00,33.5,,1.6,53,0.7,2.5,4
2022-07-02 15:00,33.5,,1.2,53,0.6,1.88,5
2022-07-02 16:00,34.2,,0.9,53,0.6,1.63,3
2022-07-02 17:00,34.5,,0.9,48,0.9,1.56,2
2022-07-02 18:00,32,,1.2,66,0.7,0.89,1
2022-07-02 19:00,30.6,,1.1,74,0.3,0.47,1
2022-07-02 20:00,29.1,,1.3,80,0.2,0.13,2
2022-07-02 21:00,28.3,,1.7,85,,,3
2022-07-02 22:00,27.8,,0.8,87,,,8
2022-07-02 23:00,27.4,,1.1,85,,,7
2022-07-03 0:00,26.8,,1.5,87,,,8
2022-07-03 1:00,26.7,,0.3,88,,,10
2022-07-03 2:00,26.3,,0.5,89,,,10
2022-07-03 3:00,26.2,,0.3,90,,,6
2022-07-03 4:00,25.6,,0.8,96,,,7
2022-07-03 5:00,25.6,,0.6,92,,,5
2022-07-03 6:00,25.2,,0.1,94,0,0.09,5
2022-07-03 7:00,25.7,,0.7,90,0.3,0.35,5
2022-07-03 8:00,27.3,,1,80,1,1.17,7
2022-07-03 9:00,28.6,,0.7,67,1,1.65,7
2022-07-03 10:00,30.3,,0.5,62,1,2.16,8
2022-07-03 11:00,32.1,,1.4,57,1,2.98,6
2022-07-03 12:00,31.4,,1.3,63,0.2,1.77,8
2022-07-03 13:00,32.1,,1.3,67,0.3,2,9
2022-07-03 14:00,32,,2.2,59,0,1.41,9
2022-07-03 15:00,33.1,,2.3,58,0.4,1.83,4
2022-07-03 16:00,32.3,,2.6,59,0.8,2.18,8
2022-07-03 17:00,32.7,,1.7,58,0.3,0.95,8
2022-07-03 18:00,30.8,0,2.6,66,0.3,0.47,10
2022-07-03 19:00,30.1,,2.8,69,0,0.3,9
2022-07-03 20:00,29.5,,2.6,71,0,0.12,7
2022-07-03 21:00,28.6,,1.5,75,,,4
2022-07-03 22:00,28.1,,1.2,78,,,4
2022-07-03 23:00,27.7,,0.7,83,,,4
2022-07-04 0:00,27.3,,1.1,83,,,2
2022-07-04 1:00,27,,0.4,84,,,8
2022-07-04 2:00,27,,0.9,86,,,6
2022-07-04 3:00,26.9,,0.8,86,,,5
2022-07-04 4:00,24.5,0.6,0,99,,,10
2022-07-04 5:00,24.3,0.6,0,99,,,10
2022-07-04 6:00,24.6,0,0.5,99,0,0.06,8
2022-07-04 7:00,25.2,,0.4,99,0,0.22,9
2022-07-04 8:00,25.6,,0.1,99,0,0.5,9
2022-07-04 9:00,27.6,,0.7,95,0.2,1.04,9
2022-07-04 10:00,28.8,,1.6,87,0.3,1.58,5
2022-07-04 11:00,29.5,,1.5,77,1,2.97,6
2022-07-04 12:00,29.5,,1,77,0.1,1.27,9
2022-07-04 13:00,29.3,,1.2,78,0.2,1.98,9
2022-07-04 14:00,29.1,0,1,79,0,0.7,9
2022-07-04 15:00,29.6,0,1.4,79,0,0.95,9
2022-07-04 16:00,30.3,,0.6,76,0,1.24,9
2022-07-04 17:00,31.2,,0.4,69,0.8,1.72,6
2022-07-04 18:00,27.2,0.9,0.4,94,0.5,0.74,9
2022-07-04 19:00,27.2,0,1.5,97,0,0.1,9
2022-07-04 20:00,27.1,,0.5,99,0,0.07,10
2022-07-04 21:00,26.6,,0.4,99,,,7
2022-07-04 22:00,26.5,,0.2,99,,,9
2022-07-04 23:00,26.1,,0.3,99,,,6
2022-07-05 0:00,25.9,,0.3,99,,,7
2022-07-05 1:00,25.7,,0.7,99,,,6
2022-07-05 2:00,25.6,,0,99,,,10
2022-07-05 3:00,25.5,,0,99,,,5
2022-07-05 4:00,25.4,,0,99,,,6
2022-07-05 5:00,25.5,,0,99,,,9
2022-07-05 6:00,25.5,,0.5,99,0,0.08,10
2022-07-05 7:00,26,,0.3,99,0,0.39,9
2022-07-05 8:00,26.2,,0.8,99,0.1,0.58,9
2022-07-05 9:00,27.5,,0.9,98,0.3,1.35,8
2022-07-05 10:00,29.2,,0.9,88,0.7,2.1,8
2022-07-05 11:00,30.4,,0.8,81,0.4,1.85,7
2022-07-05 12:00,31.5,,0.9,72,0.6,2.39,8
2022-07-05 13:00,31.3,,0.9,71,0.3,1.9,9
2022-07-05 14:00,31.2,,1.8,75,0.1,1.81,9
2022-07-05 15:00,30.7,,0.8,80,0.2,1.56,9
2022-07-05 16:00,31.6,,1.2,77,0.4,1.33,8
2022-07-05 17:00,30.7,,1,78,0.1,0.94,9
2022-07-05 18:00,26.1,7,1.4,99,0,0.36,9
2022-07-05 19:00,26.5,0.3,2,99,0,0.23,9
2022-07-05 20:00,26.7,,1.4,99,0,0.08,9
2022-07-05 21:00,26.4,,1,99,,,9
2022-07-05 22:00,26.3,,1.2,99,,,8
2022-07-05 23:00,26.1,,0.1,99,,,9
2022-07-06 0:00,25.8,,0.1,99,,,7
2022-07-06 1:00,26,,0.8,99,,,10
2022-07-06 2:00,26,,0.1,99,,,10
2022-07-06 3:00,25.8,,0.6,99,,,7
2022-07-06 4:00,26.1,,0.6,99,,,7
2022-07-06 5:00,25.4,,1.5,99,,,6
2022-07-06 6:00,25.5,,1.4,99,0,0.09,8
2022-07-06 7:00,26.1,,0.6,99,0.2,0.31,4
2022-07-06 8:00,27.8,,0.8,96,0.8,1.09,6
2022-07-06 9:00,28.8,,0.9,92,1,1.62,7
2022-07-06 10:00,29.5,,1.2,86,0.7,1.73,8
2022-07-06 11:00,30.8,,3.4,79,0.9,2.56,7
2022-07-06 12:00,31.4,,2,74,0.4,1.98,8
2022-07-06 13:00,32.4,,1.8,70,0.7,2.8,7
2022-07-06 14:00,33,,2.4,63,0.8,2.68,7
2022-07-06 15:00,32.5,,1.9,65,0.8,2.47,7
2022-07-06 16:00,32.6,,2.1,67,0.7,1.78,6
2022-07-06 17:00,32.8,,4.2,62,0.9,1.76,5
2022-07-06 18:00,32.1,,3.2,66,1,1.53,7
2022-07-06 19:00,30,,2.5,77,0.5,0.73,6
2022-07-06 20:00,29.1,,2.5,83,0,0.1,6
2022-07-06 21:00,28.6,,2.7,88,,,6
2022-07-06 22:00,28.2,,2.8,89,,,6
2022-07-06 23:00,27.8,,2.6,93,,,8
2022-07-07 0:00,28,,2.6,89,,,7
2022-07-07 1:00,27.5,,3,94,,,9
2022-07-07 2:00,27.4,,2.4,94,,,7
2022-07-07 3:00,27.4,,2.5,95,,,4
2022-07-07 4:00,27.2,,2.7,97,,,0
2022-07-07 5:00,27.2,,2.6,96,,,0
2022-07-07 6:00,27,,2.7,97,0,0.08,4
2022-07-07 7:00,27.3,,2.6,96,0.7,0.39,2
2022-07-07 8:00,29.1,,2.3,84,1,1.19,4
2022-07-07 9:00,30,,3.6,80,1,1.89,5
2022-07-07 10:00,31.3,,3.5,74,1,2.58,4
2022-07-07 11:00,32.7,,3.3,70,1,3.18,5
2022-07-07 12:00,32.4,,4,68,0.9,2.94,6
2022-07-07 13:00,31.5,,3.9,69,0.3,1.72,8
2022-07-07 14:00,30.4,,3.6,76,0,0.92,9
2022-07-07 15:00,31,,3.4,78,0,1.25,10
2022-07-07 16:00,30.5,,2.7,81,0.3,1.59,10
2022-07-07 17:00,29.7,0,2.4,86,0,0.45,10
2022-07-07 18:00,29.3,0,3.8,89,0,0.29,10
2022-07-07 19:00,28.2,0,3,98,0,0.13,10
2022-07-07 20:00,26.5,1.1,1.6,99,0,0.06,10
2022-07-07 21:00,26.9,1.6,0.8,99,,,7
2022-07-07 22:00,26.7,0,1.6,99,,,10
2022-07-07 23:00,26.2,2.2,1.5,99,,,9
2022-07-08 0:00,26.1,,1.7,99,,,6
2022-07-08 1:00,26.1,,1.5,99,,,6
2022-07-08 2:00,26,,2.3,99,,,7
2022-07-08 3:00,26,,2.6,99,,,9
2022-07-08 4:00,25.9,,2.5,99,,,9
2022-07-08 5:00,25.8,,1.2,99,,,9
2022-07-08 6:00,25.7,,1.8,99,0,0.07,7
2022-07-08 7:00,26.1,,1,99,0,0.18,9
2022-07-08 8:00,26.6,,1.5,99,0,0.32,10
2022-07-08 9:00,27.5,,1,99,0,0.55,10
2022-07-08 10:00,27.9,,1.1,98,0,0.86,10
2022-07-08 11:00,27.8,,1,98,0,0.58,8
2022-07-08 12:00,26.6,0.3,0.6,99,0,0.28,10
2022-07-08 13:00,25.8,4.5,0.5,99,0,0.37,10
2022-07-08 14:00,26.5,,0.8,99,0,0.66,7
2022-07-08 15:00,27.2,,0.8,99,0,1.1,9
2022-07-08 16:00,29.4,,1.5,92,0.4,1.71,8
2022-07-08 17:00,29.1,,1.1,83,0.4,1.22,4
2022-07-08 18:00,29.4,,1.1,81,0.7,1.07,4
2022-07-08 19:00,28.5,,0.7,81,0.4,0.53,2
2022-07-08 20:00,27.1,,0.8,93,0.1,0.12,3
2022-07-08 21:00,26,,0.4,97,,,3
2022-07-08 22:00,24.9,,0,99,,,1
2022-07-08 23:00,24.9,,1.1,99,,,0
2022-07-09 0:00,24.4,,1.5,99,,,1
2022-07-09 1:00,23.9,,2.1,99,,,
2022-07-09 2:00,24,,0.5,99,,,8
2022-07-09 3:00,23.8,,0.3,99,,,8
2022-07-09 4:00,24,,0.2,99,,,6
2022-07-09 5:00,23.9,,0.4,99,,,7
2022-07-09 6:00,23.9,,0.6,99,0,0.07,9
2022-07-09 7:00,23.8,,0.3,99,0,0.17,5
2022-07-09 8:00,24.5,,1,98,0.3,0.71,4
2022-07-09 9:00,26.3,,0.4,96,0.4,1.09,4
2022-07-09 10:00,26.7,,0.8,88,0.6,1.65,7
2022-07-09 11:00,27.6,,1.4,86,0.2,1.41,10
2022-07-09 12:00,27.7,,1.1,84,0.1,1.45,9
2022-07-09 13:00,28.1,,1.3,84,0.1,1.54,10
2022-07-09 14:00,30,,1.1,79,0.4,2.12,9
2022-07-09 15:00,30.6,,1.4,66,0.5,2.21,8
2022-07-09 16:00,30.5,,1.7,64,0.9,2.46,7
2022-07-09 17:00,30.9,,1.7,64,0.8,1.7,6
2022-07-09 18:00,30.2,,2,72,1,1.24,1
2022-07-09 19:00,28.9,,1.5,77,0.6,0.54,2
2022-07-09 20:00,28.1,,1.3,84,0,0.13,4
2022-07-09 21:00,27.8,,0.2,90,,,7
2022-07-09 22:00,27,,1.1,97,,,3
2022-07-09 23:00,26.4,,1.1,98,,,4
2022-07-10 0:00,25.4,,1.1,99,,,4
2022-07-10 1:00,25.6,,0.5,99,,,4
2022-07-10 2:00,25.4,,0.5,99,,,7
2022-07-10 3:00,24.8,,0.7,99,,,4
2022-07-10 4:00,24.5,,0,99,,,7
2022-07-10 5:00,24.6,,0.3,99,,,3
2022-07-10 6:00,24.6,,0.2,99,0,0.07,0
2022-07-10 7:00,25,,0.1,99,0.1,0.33,2
2022-07-10 8:00,26.2,,0.2,99,0.6,0.96,3
2022-07-10 9:00,27.7,,0.2,94,1,1.73,5
2022-07-10 10:00,29.5,,0.7,85,1,2.44,7
2022-07-10 11:00,29.5,,0.9,80,0.5,2.01,8
2022-07-10 12:00,30.7,,0.9,77,0.5,1.99,8
2022-07-10 13:00,32.6,,1.3,65,0.8,2.67,7
2022-07-10 14:00,32.8,,2.3,61,1,3.35,7
2022-07-10 15:00,32.6,,1.8,62,0.8,2.62,7
2022-07-10 16:00,32.6,,2,68,0.8,1.88,7
2022-07-10 17:00,31.4,,2.7,71,0.1,0.64,8
2022-07-10 18:00,30.9,,4,69,0,0.51,7
2022-07-10 19:00,29.6,,4.3,80,0,0.34,7
2022-07-10 20:00,28.5,,3.4,86,0,0.11,7
2022-07-10 21:00,28.1,,2.5,87,,,9
2022-07-10 22:00,27.5,,2.4,92,,,10
2022-07-10 23:00,27,,2.1,95,,,10
2022-07-11 0:00,26.3,0,1.4,97,,,10
2022-07-11 1:00,24.6,6.9,0.9,99,,,10
2022-07-11 2:00,25,0.4,0.4,99,,,10
2022-07-11 3:00,24.6,,0.1,99,,,10
2022-07-11 4:00,24.6,4.4,1.4,99,,,10
2022-07-11 5:00,24.4,0.6,0.9,99,,,10
2022-07-11 6:00,24.2,0.6,1.1,99,0,0.06,10
2022-07-11 7:00,24,0.5,0.5,99,0,0.09,10
2022-07-11 8:00,24.3,0.7,0.9,99,0,0.25,10
2022-07-11 9:00,25.5,0.2,0.4,99,0,0.54,9
2022-07-11 10:00,27,,1.5,99,0.4,1.42,7
2022-07-11 11:00,27.7,,2,98,0.2,1.64,9
2022-07-11 12:00,28.1,,0.3,90,0.1,1.41,9
2022-07-11 13:00,29.8,,0.4,75,0.4,2.14,9
2022-07-11 14:00,30.1,,0.9,74,0.5,2.29,7
2022-07-11 15:00,29.6,,1.2,79,0.2,1.4,8
2022-07-11 16:00,29.2,0,2.2,84,0.1,0.62,10
2022-07-11 17:00,29.6,,1.9,82,0,0.53,9
2022-07-11 18:00,30.2,,1.2,78,0.5,1.14,6
2022-07-11 19:00,28.8,,0.2,89,0.2,0.37,2
2022-07-11 20:00,28,,0.1,96,0,0.13,5
2022-07-11 21:00,27.5,,1,98,,,5
2022-07-11 22:00,27.3,,0.9,98,,,5
2022-07-11 23:00,27,,0.4,99,,,5
2022-07-12 0:00,27,,1.1,98,,,6
2022-07-12 1:00,26.7,,1.3,99,,,6
2022-07-12 2:00,26.3,,0.8,99,,,3
2022-07-12 3:00,26.2,,1,99,,,8
2022-07-12 4:00,25.9,,0.6,99,,,6
2022-07-12 5:00,26,,0.9,99,,,7
2022-07-12 6:00,25.8,,0.7,99,0,0.08,7
2022-07-12 7:00,26.4,,0.2,99,0,0.28,7
2022-07-12 8:00,27.2,,0.5,98,0,0.64,9
2022-07-12 9:00,28.3,,1.8,93,0.3,1.37,8
2022-07-12 10:00,29.9,,2.6,88,0.2,1.6,7
2022-07-12 11:00,29.2,,1.7,89,0.1,1.41,9
2022-07-12 12:00,28.6,,2.8,93,0.3,1.81,8
2022-07-12 13:00,30.7,,2.5,84,0.8,3.3,6
2022-07-12 14:00,29.5,,2.5,82,0.7,2.61,8
2022-07-12 15:00,30.1,,2.7,76,0.6,2.52,8
2022-07-12 16:00,30.2,,2.4,77,0.5,1.85,8
2022-07-12 17:00,29.6,,2.3,81,0.1,1.04,9
2022-07-12 18:00,28.8,,3.2,82,0,0.5,10
2022-07-12 19:00,27.7,,3.4,85,0,0.31,10
2022-07-12 20:00,26.8,,3.5,90,0,0.1,10
2022-07-12 21:00,26.1,,3.3,93,,,8
2022-07-12 22:00,26.1,,2.3,90,,,9
2022-07-12 23:00,25.8,,2.8,89,,,10
2022-07-13 0:00,25,,4.1,93,,,9
2022-07-13 1:00,25.3,,1.5,92,,,6
2022-07-13 2:00,25,,2.1,93,,,0
2022-07-13 3:00,24.8,,2.2,95,,,10
2022-07-13 4:00,24.8,,1.9,94,,,10
2022-07-13 5:00,24.6,,0.7,94,,,9
2022-07-13 6:00,24.5,,1.6,94,0,0.07,9
2022-07-13 7:00,25,,1.9,93,0,0.29,9
2022-07-13 8:00,25.8,,1,89,0,0.41,9
2022-07-13 9:00,25.9,,2.3,88,0,0.53,10
2022-07-13 10:00,26.1,,2.6,90,0,0.51,10
2022-07-13 11:00,26.3,,2.2,91,0,0.52,10
2022-07-13 12:00,26.5,,2.4,92,0,0.63,10
2022-07-13 13:00,27.3,,2,89,0,1.5,10
2022-07-13 14:00,26.9,,2.8,90,0,0.9,10
2022-07-13 15:00,27,,2.8,90,0,1.06,9
2022-07-13 16:00,27.1,,2.4,90,0,1.12,9
2022-07-13 17:00,27.1,,3.6,88,0.5,1.45,8
2022-07-13 18:00,27,,3.2,88,0,0.85,8
2022-07-13 19:00,26.6,,4,91,0.2,0.56,9
2022-07-13 20:00,26.2,,3.3,93,0,0.09,10
2022-07-13 21:00,26,,3.3,96,,,8
2022-07-13 22:00,26.1,,3.4,97,,,9
2022-07-13 23:00,26.3,,2.6,97,,,9
2022-07-14 0:00,26.4,,1.8,98,,,10
2022-07-14 1:00,26.5,,1.8,98,,,5
2022-07-14 2:00,26.6,0,2.6,99,,,10
2022-07-14 3:00,25.9,0,2.8,99,,,10
2022-07-14 4:00,25.4,4,3.8,99,,,10
2022-07-14 5:00,25.5,1.6,3.5,99,,,10
2022-07-14 6:00,25.8,7.4,1,99,0,0.06,10
2022-07-14 7:00,25.9,0,0.4,99,0.1,0.26,6
2022-07-14 8:00,26.9,,0.9,99,1,1.17,4
2022-07-14 9:00,27.2,,1.2,89,0.9,1.8,7
2022-07-14 10:00,27.8,,0.8,91,0.1,1.13,8
2022-07-14 11:00,28.6,,1.4,86,0.2,1.4,7
2022-07-14 12:00,29.8,,1.7,78,0.8,2.59,7
2022-07-14 13:00,30.5,,2.1,75,0.9,3.16,7
2022-07-14 14:00,30.5,,2,71,0.4,2.07,8
2022-07-14 15:00,30.2,,1.7,75,0.9,2.71,7
2022-07-14 16:00,30,,2.3,73,1,2.72,6
2022-07-14 17:00,29.7,,1.7,76,1,2.1,8
2022-07-14 18:00,28.7,,1.1,77,1,1.36,0
2022-07-14 19:00,27.8,,1.2,80,0.7,0.57,3
2022-07-14 20:00,26.8,,1.1,89,0,0.12,5
2022-07-14 21:00,26,,0.8,95,,,8
2022-07-14 22:00,25.5,,0.8,97,,,8
2022-07-14 23:00,24.8,,0.6,99,,,4
2022-07-15 0:00,24.4,,0.4,99,,,8
2022-07-15 1:00,24.1,,0.2,99,,,8
2022-07-15 2:00,23.9,,0.3,99,,,7
2022-07-15 3:00,23.7,,0.6,99,,,4
2022-07-15 4:00,23.7,,0.1,99,,,8
2022-07-15 5:00,23.2,,0.7,99,,,4
2022-07-15 6:00,23.1,,1.1,99,0,0.08,0
2022-07-15 7:00,23.5,,0.1,99,0.8,0.46,0
2022-07-15 8:00,25.4,,1.5,97,1,1.13,0
2022-07-15 9:00,26.7,,0.8,85,1,1.84,1
2022-07-15 10:00,26.9,,1.4,82,0.8,2.17,7
2022-07-15 11:00,28.8,,1.2,70,0.8,2.62,5
2022-07-15 12:00,29.8,,1.5,69,1,3.35,5
2022-07-15 13:00,30.2,,1.4,60,1,2.7,8
2022-07-15 14:00,30.4,,2,60,0.8,2.57,8
2022-07-15 15:00,30.2,,1.3,65,0.3,1.86,8
2022-07-15 16:00,30.7,,1,60,0.6,1.88,6
2022-07-15 17:00,31,,1,57,1,1.77,4
2022-07-15 18:00,30.7,,2.4,58,1,1.4,3
2022-07-15 19:00,29.9,,0.8,64,1,0.63,0
2022-07-15 20:00,28.2,,1.5,70,0.1,0.15,6
2022-07-15 21:00,26.8,,0.6,76,,,7
2022-07-15 22:00,25.8,,0.1,80,,,7
2022-07-15 23:00,25.2,,0.3,82,,,7
2022-07-16 0:00,24.6,,0.7,86,,,7
2022-07-16 1:00,24,,0.6,91,,,7
2022-07-16 2:00,23.4,,0.3,97,,,7
2022-07-16 3:00,22.9,,0,98,,,8
2022-07-16 4:00,22.8,,0.6,99,,,7
2022-07-16 5:00,22.6,,0.4,99,,,5
2022-07-16 6:00,22.4,,0.4,99,0,0.08,5
2022-07-16 7:00,23.4,,0.5,98,0.6,0.41,4
2022-07-16 8:00,24.5,,0.8,95,1,0.88,4
2022-07-16 9:00,25.8,,0.6,89,1,1.85,1
2022-07-16 10:00,27.8,,0.3,77,1,2.39,3
2022-07-16 11:00,28.9,,1.9,74,1,2.73,7
2022-07-16 12:00,29.5,,1.8,63,1,2.92,8
2022-07-16 13:00,29.5,,1.1,65,0.7,2.5,5
2022-07-16 14:00,31.9,,2.4,55,0.9,3.15,6
2022-07-16 15:00,31.4,,2.7,56,1,3.27,6
2022-07-16 16:00,30.9,,1.9,55,1,2.84,4
2022-07-16 17:00,30.4,,2.1,59,0.8,1.67,6
2022-07-16 18:00,29.6,,1.2,60,1,1.38,7
2022-07-16 19:00,27.3,,1.8,69,0.6,0.49,2
2022-07-16 20:00,26.2,,1.2,79,0,0.11,8
2022-07-16 21:00,25.6,,1,87,,,8
2022-07-16 22:00,25.2,,0.4,86,,,4
2022-07-16 23:00,25.1,,0.7,88,,,9
2022-07-17 0:00,25,,0.8,91,,,8
2022-07-17 1:00,24.6,,0.7,95,,,9
2022-07-17 2:00,24.5,,1,97,,,10
2022-07-17 3:00,24.1,,1.1,98,,,8
2022-07-17 4:00,24,,0.7,99,,,9
2022-07-17 5:00,23.8,,1.2,99,,,9
2022-07-17 6:00,23.8,,1.2,99,0,0.07,10
2022-07-17 7:00,24.1,,1.4,99,0,0.11,10
2022-07-17 8:00,25.1,,0.8,99,0,0.42,10
2022-07-17 9:00,26.1,,1.3,98,0,0.97,10
2022-07-17 10:00,26.5,,1.2,94,0,0.89,10
2022-07-17 11:00,25.3,0,2.4,99,0,0.59,10
2022-07-17 12:00,26.9,,2.3,94,0,1.26,10
2022-07-17 13:00,28.3,,2.1,84,0,2.16,9
2022-07-17 14:00,28.6,,1.2,78,0,1.58,10
2022-07-17 15:00,29.3,,1.2,76,0.1,1.57,10
2022-07-17 16:00,28.7,,1.4,77,0,1.14,10
2022-07-17 17:00,28.6,,1,87,0,0.69,10
2022-07-17 18:00,27.8,,2.7,92,0,0.5,10
2022-07-17 19:00,27.3,,1.9,92,0,0.24,10
2022-07-17 20:00,26.7,,1.4,96,0,0.07,10
2022-07-17 21:00,27,0,1.7,97,,,10
2022-07-17 22:00,26.6,,1.7,98,,,10
2022-07-17 23:00,26.2,,0.7,98,,,10
2022-07-18 0:00,26.5,,0.3,95,,,7
2022-07-18 1:00,24.5,2.5,2.3,99,,,10
2022-07-18 2:00,23.5,0.2,1.3,99,,,10
2022-07-18 3:00,21.4,2.7,0.7,99,,,10
2022-07-18 4:00,20.7,6.9,1.5,99,,,10
2022-07-18 5:00,20.6,6.3,2.5,99,,,10
2022-07-18 6:00,21,13.4,0.6,99,0,0.06,10
2022-07-18 7:00,21.2,2.2,1.9,99,0,0.08,10
2022-07-18 8:00,21.5,4.5,1.9,99,0,0.18,10
2022-07-18 9:00,22.3,2.5,0.3,99,0,0.35,10
2022-07-18 10:00,22.8,0.6,1.1,99,0,0.41,10
2022-07-18 11:00,23,1.7,0.4,99,0,0.25,10
2022-07-18 12:00,23.2,1,1.5,99,0,0.28,10
2022-07-18 13:00,23.8,2.8,0.4,99,0,0.26,10
2022-07-18 14:00,24.1,1.3,1,99,0,0.37,10
2022-07-18 15:00,25.3,0.1,1.5,99,0,0.4,9
2022-07-18 16:00,25.1,0.3,2.3,99,0,0.4,10
2022-07-18 17:00,25.5,3.9,2.5,99,0,0.3,10
2022-07-18 18:00,25.7,0.1,3.2,99,0,0.22,10
2022-07-18 19:00,25.8,0,2.1,99,0,0.16,10
2022-07-18 20:00,25.6,0.4,2.2,99,0,0.07,10
2022-07-18 21:00,25.6,0.7,2.2,99,,,9
2022-07-18 22:00,25.5,,3.6,99,,,8
2022-07-18 23:00,25.3,,3.1,99,,,7
2022-07-19 0:00,24.8,,3.2,99,,,3
2022-07-19 1:00,24.3,,1.8,99,,,6
2022-07-19 2:00,24,0.1,1.7,99,,,5
2022-07-19 3:00,23.9,0.2,0.7,99,,,10
2022-07-19 4:00,23.8,0.4,0.5,99,,,4
2022-07-19 5:00,23.3,,1.4,99,,,8
2022-07-19 6:00,23.1,,1.8,99,0,0.07,6
2022-07-19 7:00,23,,0.4,99,0.6,0.41,3
2022-07-19 8:00,24.7,,0.6,99,1,1.14,1
2022-07-19 9:00,25.6,,1.8,96,0.6,1.52,8
2022-07-19 10:00,26.4,,0.9,93,0.5,1.64,6
2022-07-19 11:00,28.1,,0.8,84,1,3.04,7
2022-07-19 12:00,28.7,,1.3,80,0.7,2.71,6
2022-07-19 13:00,29.8,,1.2,70,0.8,2.95,7
2022-07-19 14:00,30.3,,1.8,68,0.7,2.5,8
2022-07-19 15:00,30.2,,2,64,0.7,2.25,3
2022-07-19 16:00,29.7,,1.9,69,1,2.45,6
2022-07-19 17:00,29.6,,1.5,66,1,2.03,5
2022-07-19 18:00,28.1,,2.3,71,0.8,0.98,8
2022-07-19 19:00,27.3,,1.4,78,0.5,0.47,7
2022-07-19 20:00,26,,0.9,88,0,0.12,6
2022-07-19 21:00,25.5,,0.6,96,,,9
2022-07-19 22:00,25,,0.2,98,,,6
2022-07-19 23:00,24.5,,0.1,99,,,9
2022-07-20 0:00,24.2,,0.2,99,,,7
2022-07-20 1:00,24,,0,99,,,8
2022-07-20 2:00,23.9,,0.8,99,,,5
2022-07-20 3:00,23.3,,0.4,99,,,8
2022-07-20 4:00,23,,0.3,99,,,6
2022-07-20 5:00,23.1,,0,99,,,4
2022-07-20 6:00,23.3,,0.1,99,0,0.07,4
2022-07-20 7:00,23.5,,0.1,99,0.4,0.39,4
2022-07-20 8:00,25.1,,1.3,99,1,1.12,8
2022-07-20 9:00,26.1,,0.5,91,1,1.56,3
2022-07-20 10:00,27.9,,1.3,79,1,2.45,8
2022-07-20 11:00,29.1,,1.4,69,1,2.4,8
2022-07-20 12:00,30.1,,1.9,65,1,3.04,7
2022-07-20 13:00,30.3,,0.1,59,0.9,2.57,7
2022-07-20 14:00,31.8,,1.5,53,1,3.27,7
2022-07-20 15:00,31.8,,1.3,57,0.9,2.27,4
2022-07-20 16:00,32.4,,1.9,57,1,2.58,4
2022-07-20 17:00,31.8,,2,50,0.8,1.77,8
2022-07-20 18:00,30.8,,2.2,58,0.2,0.7,9
2022-07-20 19:00,29.2,,3.9,72,0,0.23,10
2022-07-20 20:00,27.5,0,2.8,88,0,0.07,10
2022-07-20 21:00,26.8,0.1,1.3,93,,,10
2022-07-20 22:00,25.5,0.7,0.7,99,,,10
2022-07-20 23:00,25.5,,0.8,99,,,10
2022-07-21 0:00,25.4,0,4.3,91,,,10
2022-07-21 1:00,22.3,1.2,3.6,98,,,10
2022-07-21 2:00,22.7,0.6,2.5,99,,,10
2022-07-21 3:00,24.3,,2.2,99,,,10
2022-07-21 4:00,24.5,0.1,2.2,99,,,10
2022-07-21 5:00,24.3,0.4,1.6,99,,,10
2022-07-21 6:00,25.6,0.1,4.6,99,0,0.07,10
2022-07-21 7:00,26.2,,4.3,99,0,0.12,10
2022-07-21 8:00,25.7,,5.7,98,0,0.45,9
2022-07-21 9:00,25.2,,5.7,99,0,0.42,7
2022-07-21 10:00,24.4,,4.7,99,0,0.35,9
2022-07-21 11:00,24,0.4,3.1,99,0,0.32,10
2022-07-21 12:00,25.2,1,3.9,99,0.2,1.19,7
2022-07-21 13:00,24.7,,2.6,99,0,0.87,9
2022-07-21 14:00,24.8,,2,95,0.1,1.43,9
2022-07-21 15:00,24.3,,2,94,0,0.74,9
2022-07-21 16:00,24.7,,1.6,93,0.2,1.15,8
2022-07-21 17:00,25.2,,1.7,84,0.3,0.88,7
2022-07-21 18:00,24.7,,1.2,85,0.2,0.72,9
2022-07-21 19:00,24.8,,1.5,89,0,0.22,6
2022-07-21 20:00,24.6,,0.9,90,0,0.08,9
2022-07-21 21:00,24.3,,1.3,95,,,8
2022-07-21 22:00,24,,1,96,,,9
2022-07-21 23:00,23.9,,0.7,97,,,6
2022-07-22 0:00,23.5,,0.9,98,,,7
2022-07-22 1:00,22.6,,1.3,99,,,4
2022-07-22 2:00,22.7,,1,99,,,4
2022-07-22 3:00,22,,0.7,99,,,3
2022-07-22 4:00,22.4,,0.9,99,,,6
2022-07-22 5:00,22.2,,0.9,99,,,8
2022-07-22 6:00,22.2,,1,99,0,0.08,7
2022-07-22 7:00,22.9,,0.9,99,0.1,0.26,4
2022-07-22 8:00,23.8,,0.9,99,0.8,0.78,5
2022-07-22 9:00,24.7,,0.4,97,0.1,0.6,6
2022-07-22 10:00,25.4,,1,86,0.2,0.99,7
2022-07-22 11:00,25.7,,0.6,82,0,0.77,9
2022-07-22 12:00,26,,0.2,84,0.1,1.23,9
2022-07-22 13:00,27.6,,0.7,77,0.3,1.7,8
2022-07-22 14:00,28.5,,0.5,72,0.5,1.83,7
2022-07-22 15:00,28.8,,1.1,64,0.6,2.23,7
2022-07-22 16:00,28.9,,1.3,63,0.6,1.85,6
2022-07-22 17:00,29.1,,1.2,65,0.5,1.26,4
2022-07-22 18:00,27.9,,1.2,72,0.2,0.66,3
2022-07-22 19:00,27,,0.9,82,0.4,0.42,3
2022-07-22 20:00,26.1,,0.8,85,0.1,0.11,3
2022-07-22 21:00,25.3,,0.9,92,,,0
2022-07-22 22:00,24.9,,0.9,96,,,6
2022-07-22 23:00,24.2,,0.3,97,,,6
2022-07-23 0:00,24.2,,0,98,,,2
2022-07-23 1:00,23.8,,0.9,99,,,7
2022-07-23 2:00,23.1,,0.7,99,,,5
2022-07-23 3:00,23.2,,0.8,99,,,8
2022-07-23 4:00,23.1,,0.6,99,,,9
2022-07-23 5:00,23,,0.3,99,,,7
2022-07-23 6:00,22.8,,0.8,99,0,0.07,6
2022-07-23 7:00,23.1,,0.1,99,0.3,0.34,2
2022-07-23 8:00,24.5,,0.3,97,0.6,0.84,4
2022-07-23 9:00,25.5,,1.3,92,0.9,1.58,6
2022-07-23 10:00,27.1,,2.3,79,0.5,1.75,8
2022-07-23 11:00,27.6,,2.3,74,0.4,1.84,10
2022-07-23 12:00,28.4,,2.5,74,0.2,1.89,10
2022-07-23 13:00,27.9,,2.5,75,0,1.63,10
2022-07-23 14:00,27.7,0,2.8,80,0,0.88,10
2022-07-23 15:00,27.4,,3,81,0,1.02,10
2022-07-23 16:00,26.9,0,2.4,82,0,0.62,10
2022-07-23 17:00,26.4,0,1.5,90,0,0.41,10
2022-07-23 18:00,26.5,0,1.3,82,0,0.33,10
2022-07-23 19:00,23.2,13.9,2.2,99,0,0.05,10
2022-07-23 20:00,22.8,5.7,1.9,99,0,0.06,10
2022-07-23 21:00,23,0.7,1.5,99,,,10
2022-07-23 22:00,23.6,0,3.8,99,,,10
2022-07-23 23:00,23.4,1.6,3,99,,,10
2022-07-24 0:00,23.8,0.7,4,99,,,10
2022-07-24 1:00,23.4,11.1,2.2,99,,,10
2022-07-24 2:00,23.9,1.6,2.3,99,,,9
2022-07-24 3:00,24,0.2,2,99,,,10
2022-07-24 4:00,24.2,0,1.9,99,,,5
2022-07-24 5:00,23.9,,3.8,99,,,8
2022-07-24 6:00,23.4,,2.5,99,0,0.06,5
2022-07-24 7:00,23.5,,2.9,99,0,0.12,5
2022-07-24 8:00,23.4,0,3.8,99,0,0.29,10
2022-07-24 9:00,23.5,0.4,2.3,99,0,0.36,10
2022-07-24 10:00,24.3,0,2.2,99,0,0.92,10
2022-07-24 11:00,24,0,2.7,99,0,0.73,10
2022-07-24 12:00,24,0.3,2.9,99,0,0.72,10
2022-07-24 13:00,23.9,0.4,2.1,99,0,0.35,10
2022-07-24 14:00,24.1,0.2,2.3,99,0,0.43,10
2022-07-24 15:00,24.1,,2.2,99,0,0.38,10
2022-07-24 16:00,24.3,,1.9,99,0,0.43,10
2022-07-24 17:00,24.4,,1.6,99,0,0.31,10
2022-07-24 18:00,24,,1.5,99,0,0.13,10
2022-07-24 19:00,24.2,,1.4,99,0,0.1,9
2022-07-24 20:00,24.1,,1.3,99,0,0.07,9
2022-07-24 21:00,24,,0.7,99,,,8
2022-07-24 22:00,24,,1.2,99,,,9
2022-07-24 23:00,23.8,,0.3,99,,,10
2022-07-25 0:00,24,,0.5,99,,,9
2022-07-25 1:00,23.5,,1.2,99,,,10
2022-07-25 2:00,23.6,,0.7,99,,,10
2022-07-25 3:00,23.7,,0.1,99,,,7
2022-07-25 4:00,23.8,,0,99,,,7
2022-07-25 5:00,23.5,,0,99,,,7
2022-07-25 6:00,23.6,,0,99,0,0.06,8
2022-07-25 7:00,23.9,,0.2,99,0,0.16,9
2022-07-25 8:00,25.3,,0.2,99,0.5,0.92,9
2022-07-25 9:00,25.5,,0.5,97,0,0.81,8
2022-07-25 10:00,26,,0,92,0,1.05,9
2022-07-25 11:00,27.3,,1.2,86,0,1.46,7
2022-07-25 12:00,27.9,,0.3,80,0,1.89,9
2022-07-25 13:00,28.8,,0.8,76,0,1.7,8
2022-07-25 14:00,29.7,,1.2,70,0.6,2.8,7
2022-07-25 15:00,30.5,,1.2,67,0.8,2.5,4
2022-07-25 16:00,31.1,,1.9,73,0.5,1.54,5
2022-07-25 17:00,30.2,,1.2,77,0.9,1.84,3
2022-07-25 18:00,30.4,,1.1,75,1,1.49,7
2022-07-25 19:00,29.1,,0.9,81,1,0.64,2
2022-07-25 20:00,27.5,,1.2,90,0.2,0.13,1
2022-07-25 21:00,26.8,,0.7,93,,,0
2022-07-25 22:00,25.7,,1,98,,,2
2022-07-25 23:00,25.3,,0.4,99,,,1
2022-07-26 0:00,25.2,,0.9,99,,,0
2022-07-26 1:00,25.2,,0.4,99,,,5
2022-07-26 2:00,24.8,,0.4,99,,,6
2022-07-26 3:00,24.3,,0,99,,,3
2022-07-26 4:00,24.3,,0,99,,,1
2022-07-26 5:00,24,,0,99,,,0
2022-07-26 6:00,24,,0,99,0,0.07,2
2022-07-26 7:00,24.4,,0.8,99,0.6,0.39,2
2022-07-26 8:00,25.4,,1.4,99,0.4,0.7,2
2022-07-26 9:00,26.8,,0.5,94,0.4,1.21,8
2022-07-26 10:00,27.5,,0.6,90,0.1,1.38,8
2022-07-26 11:00,28.5,,0.9,85,0.3,1.83,7
2022-07-26 12:00,29.6,,1.4,80,0.3,2.03,8
2022-07-26 13:00,29.2,,2.1,80,0.2,1.51,8
2022-07-26 14:00,30.4,,0.9,78,0.4,1.73,7
2022-07-26 15:00,30.9,,2.5,68,0.7,2.31,8
2022-07-26 16:00,31.2,,1.5,67,0.6,1.8,6
2022-07-26 17:00,31.3,,2.6,70,0.4,1.11,6
2022-07-26 18:00,29.8,,2.6,70,0.8,1.01,4
2022-07-26 19:00,29.3,,2,72,0.4,0.39,0
2022-07-26 20:00,28.1,,1.8,79,0,0.09,5
2022-07-26 21:00,27.4,,2,86,,,6
2022-07-26 22:00,26.3,,2.3,96,,,6
2022-07-26 23:00,25.8,,1.9,97,,,5
2022-07-27 0:00,25.2,,1,97,,,5
2022-07-27 1:00,24.9,,2.4,97,,,6
2022-07-27 2:00,24,,0,98,,,2
2022-07-27 3:00,24,,1,99,,,2
2022-07-27 4:00,23.2,,1.1,99,,,3
2022-07-27 5:00,23.1,,0,99,,,1
2022-07-27 6:00,23.2,,0.5,99,0,0.07,2
2022-07-27 7:00,23.7,,0.5,99,0.7,0.44,5
2022-07-27 8:00,25.3,,0.7,92,1,0.98,3
2022-07-27 9:00,27,,0.4,82,1,1.81,5
2022-07-27 10:00,28,,0.3,75,1,2.31,3
2022-07-27 11:00,29.5,,1.2,67,1,2.83,6
2022-07-27 12:00,30.2,,3.3,62,0.9,3,6
2022-07-27 13:00,31.1,,2.3,62,1,3.45,6
2022-07-27 14:00,31.3,,3.4,58,1,3.42,7
2022-07-27 15:00,31.3,,2.1,61,1,2.81,7
2022-07-27 16:00,30.7,,2,64,0.5,1.95,7
2022-07-27 17:00,29.7,,2.4,67,0.5,1.17,7
2022-07-27 18:00,29.6,,3.1,67,0.3,0.69,7
2022-07-27 19:00,28.5,,2.4,73,0.4,0.5,8
2022-07-27 20:00,27.6,,2.3,78,0,0.11,8
2022-07-27 21:00,27.2,,1.8,79,,,7
2022-07-27 22:00,26.8,,1.3,82,,,8
2022-07-27 23:00,26.4,,1.5,87,,,6
2022-07-28 0:00,25.8,,0.4,91,,,6
2022-07-28 1:00,25.4,,0.4,93,,,6
2022-07-28 2:00,25.2,,0.1,96,,,6
2022-07-28 3:00,24.9,,0.2,97,,,5
2022-07-28 4:00,24.5,,0.4,98,,,3
2022-07-28 5:00,24.5,,0.2,99,,,3
2022-07-28 6:00,23.8,,0.3,99,0,0.07,3
2022-07-28 7:00,24.6,,0,98,0.7,0.37,0
2022-07-28 8:00,26.7,,0.1,91,1,1,0
2022-07-28 9:00,27.9,,0.6,81,1,1.72,0
2022-07-28 10:00,29.2,,0.6,77,1,2.3,2
2022-07-28 11:00,30.6,,3.8,71,0.8,2.27,0
2022-07-28 12:00,31.7,,1.9,62,1,3.18,0
2022-07-28 13:00,32.3,,3.2,62,1,3.42,0
2022-07-28 14:00,32.4,,4,60,1,3.42,0
2022-07-28 15:00,32.6,,3.9,55,1,3.08,0
2022-07-28 16:00,32.5,,2.1,57,1,2.56,0
2022-07-28 17:00,32.3,,3.3,61,1,2,1
2022-07-28 18:00,31.3,,2.8,65,1,1.3,3
2022-07-28 19:00,30,,1.6,72,0.8,0.44,2
2022-07-28 20:00,28.9,,1.1,79,0.1,0.1,5
2022-07-28 21:00,28.6,,1.7,81,,,7
2022-07-28 22:00,28,,1.4,87,,,3
2022-07-28 23:00,27.7,,1.2,89,,,2
2022-07-29 0:00,27.4,,0.8,94,,,2
2022-07-29 1:00,26.9,,0.6,96,,,2
2022-07-29 2:00,26.5,,1,98,,,2
2022-07-29 3:00,26.3,,1.2,98,,,2
2022-07-29 4:00,26.3,,0.2,97,,,2
2022-07-29 5:00,25.8,,1,99,,,2
2022-07-29 6:00,25.6,,0.8,99,0,0.06,0
2022-07-29 7:00,26.2,,1.4,98,0.8,0.4,0
2022-07-29 8:00,27.9,,2.5,91,1,1.08,2
2022-07-29 9:00,30.2,,1.3,80,1,1.89,3
2022-07-29 10:00,32,,1.7,68,1,2.77,7
2022-07-29 11:00,32.7,,1.8,63,1,2.45,3
2022-07-29 12:00,33.3,,1.4,68,0.9,3.08,6
2022-07-29 13:00,33.4,,2.2,59,0.8,2.54,5
2022-07-29 14:00,34.4,,1.7,58,0.7,2.21,2
2022-07-29 15:00,34.4,,1.4,57,0.8,2.06,4
2022-07-29 16:00,33.5,,2,58,0.7,1.34,5
2022-07-29 17:00,34.2,,1.2,59,0.9,1.68,2
2022-07-29 18:00,33.5,,1.5,59,1,1.29,3
2022-07-29 19:00,32.2,,1.1,63,0.3,0.32,4
2022-07-29 20:00,31,,1.6,70,0.1,0.08,6
2022-07-29 21:00,30.5,,1.2,73,,,0
2022-07-29 22:00,29.9,,2,70,,,3
2022-07-29 23:00,29.6,,1.9,70,,,3
2022-07-30 0:00,28.8,,1.6,75,,,2
2022-07-30 1:00,28.3,,2,77,,,3
2022-07-30 2:00,28.2,,1.7,80,,,3
2022-07-30 3:00,27.5,,1.7,82,,,0
2022-07-30 4:00,26.5,,2.3,89,,,0
2022-07-30 5:00,26.3,,1.1,90,,,0
2022-07-30 6:00,26.6,,1.2,91,0,0.06,2
2022-07-30 7:00,27.4,,1.4,87,0.7,0.38,4
2022-07-30 8:00,28.5,,2.4,84,1,1.05,5
2022-07-30 9:00,29.9,,1.7,75,0.5,1.17,7
2022-07-30 10:00,29.8,,2.6,73,0.3,1.34,8
2022-07-30 11:00,30,,1.6,72,0.1,1.26,7
2022-07-30 12:00,30,,2.4,75,0.2,1.47,10
2022-07-30 13:00,29.6,,3.1,78,0,1.01,10
2022-07-30 14:00,28.8,0,2.1,85,0,0.8,10
2022-07-30 15:00,28.3,0,2.2,93,0,0.65,10
2022-07-30 16:00,28.2,0,1.8,92,0,0.62,10
2022-07-30 17:00,28.7,0,1.5,90,0,0.51,10
2022-07-30 18:00,28.9,0,1.9,87,0,0.51,10
2022-07-30 19:00,29.1,,1.8,83,0,0.31,8
2022-07-30 20:00,28.6,,1.6,86,0,0.1,8
2022-07-30 21:00,28.7,,2.3,83,,,8
2022-07-30 22:00,28.7,,1.4,83,,,10
2022-07-30 23:00,28.2,,1.6,86,,,10
2022-07-31 0:00,28.1,0,2.1,87,,,10
2022-07-31 1:00,28.2,0,1.7,87,,,10
2022-07-31 2:00,27.6,0,1,93,,,10
2022-07-31 3:00,27.9,0,1.6,91,,,8
2022-07-31 4:00,27.6,,1.9,93,,,9
2022-07-31 5:00,26.4,0,1.7,99,,,10
2022-07-31 6:00,25.4,1.6,1.3,99,0,0.05,10
2022-07-31 7:00,26.1,0,1.4,99,0,0.19,10
2022-07-31 8:00,26.7,0,2.5,99,0,0.42,10
2022-07-31 9:00,27.3,0,2.6,97,0,0.56,10
2022-07-31 10:00,27.5,0,1.2,97,0,0.58,10
2022-07-31 11:00,26.9,0,1.7,99,0,0.64,10
2022-07-31 12:00,25.7,4.9,0.9,99,0,0.23,10
2022-07-31 13:00,26,1.9,1.9,99,0,0.53,10
2022-07-31 14:00,26,1,2.1,99,0,0.64,10
2022-07-31 15:00,26.8,0.1,3.7,99,0,1.13,10
2022-07-31 16:00,27.6,,3.3,97,0,1.34,10
2022-07-31 17:00,27,0,3.1,99,0,0.51,10
2022-07-31 18:00,25.9,0.6,2.6,99,0,0.48,10
2022-07-31 19:00,26.5,0,3.3,99,0,0.23,10
2022-07-31 20:00,26.2,1.3,3.7,99,0,0.09,10
2022-07-31 21:00,26.4,0.1,2.2,99,,,9
2022-07-31 22:00,26.8,0.3,3,99,,,10
2022-07-31 23:00,25.8,7.1,2.2,99,,,10
2022-08-01 0:00,26,7.5,3.2,99,,,10
2022-08-01 1:00,26.5,0.3,4.1,99,,,10
2022-08-01 2:00,27.2,0,4.5,99,,,8
2022-08-01 3:00,27.3,,3.9,99,,,8
2022-08-01 4:00,27.2,0,3.8,99,,,10
2022-08-01 5:00,26.4,0.4,2.8,99,,,10
2022-08-01 6:00,25.8,0.1,2.1,99,0,0.06,10
2022-08-01 7:00,25.7,0.7,1.5,99,0,0.11,10
2022-08-01 8:00,26.9,0,2,99,0,0.35,10
2022-08-01 9:00,27.9,,1.4,99,0.1,0.93,7
2022-08-01 10:00,28.9,0,3.3,97,0.4,1.36,8
2022-08-01 11:00,29.1,0,1.8,97,0,1.09,9
2022-08-01 12:00,28.3,0,2.6,97,0,1.09,10
2022-08-01 13:00,29.1,0,3,93,0,1.25,10
2022-08-01 14:00,28.9,0,1.2,95,0,1.04,10
2022-08-01 15:00,29,,1.3,97,0,0.83,8
2022-08-01 16:00,28.8,,2.7,97,0,0.9,8
2022-08-01 17:00,28.7,,4,97,0,0.41,7
2022-08-01 18:00,28.4,,4.7,98,0,0.32,5
2022-08-01 19:00,28.3,,3.5,98,0,0.19,6
2022-08-01 20:00,27.9,,2.8,99,0,0.07,7
2022-08-01 21:00,27.5,,3.1,99,,,3
2022-08-01 22:00,27.4,0,3.2,98,,,10
2022-08-01 23:00,26.7,0,3,99,,,10
2022-08-02 0:00,26.9,0,2.8,99,,,9
2022-08-02 1:00,27,,1.9,99,,,9
2022-08-02 2:00,26.5,0,3.3,99,,,10
2022-08-02 3:00,26.3,0,1.7,99,,,10
2022-08-02 4:00,25.8,0.7,2.4,99,,,10
2022-08-02 5:00,25.6,0.2,2,99,,,10
2022-08-02 6:00,25.7,0.3,1.9,99,0,0.07,8
2022-08-02 7:00,26.1,,2.3,99,0,0.18,8
2022-08-02 8:00,26.1,0.3,1.9,99,0,0.48,10
2022-08-02 9:00,27.3,0,2.8,99,0.2,0.59,7
2022-08-02 10:00,28.7,,3.5,97,0.7,1.92,8
2022-08-02 11:00,28.5,,3.5,98,0.1,1.26,9
2022-08-02 12:00,28.5,0.2,3.3,99,0.3,1.56,9
2022-08-02 13:00,29.3,,2.9,97,0.1,1.68,9
2022-08-02 14:00,29.1,,2.9,97,0.1,1.01,6
2022-08-02 15:00,30.2,,3.2,89,0.5,2.07,8
2022-08-02 16:00,30.1,,2.1,87,0.3,1.33,8
2022-08-02 17:00,31.4,,2.8,76,0.6,1.49,8
2022-08-02 18:00,30.7,,2.4,81,0.4,0.75,8
2022-08-02 19:00,29.7,,1.3,84,0.9,0.6,7
2022-08-02 20:00,28.5,,1.9,98,0.2,0.11,5
2022-08-02 21:00,28.1,,1.5,97,,,5
2022-08-02 22:00,27.6,,2,98,,,3
2022-08-02 23:00,27.1,,0.9,99,,,6
2022-08-03 0:00,27,,1.2,99,,,3
2022-08-03 1:00,26.2,2.6,1.3,99,,,10
2022-08-03 2:00,25.9,0,1,99,,,5
2022-08-03 3:00,26.2,0.1,0.4,99,,,8
2022-08-03 4:00,26,,0.8,99,,,10
2022-08-03 5:00,25.7,0.1,0.7,99,,,10
2022-08-03 6:00,25.9,0.1,0.6,99,0,0.06,7
2022-08-03 7:00,26.3,,0.9,99,0.1,0.25,6
2022-08-03 8:00,27.8,,1.1,99,0.5,0.78,5
2022-08-03 9:00,28.1,,0.3,99,0.1,0.74,7
2022-08-03 10:00,29.8,,0.5,90,0.4,1.42,5
2022-08-03 11:00,26.2,7.3,1.5,99,0.1,0.81,10
2022-08-03 12:00,28.1,0,1.6,99,0.4,1.68,8
2022-08-03 13:00,29.3,,1.9,99,0.2,1.97,8
2022-08-03 14:00,29.2,,2.7,99,0.1,1.76,8
2022-08-03 15:00,30.9,,2.1,86,0.4,2.05,8
2022-08-03 16:00,30,1.2,0.7,99,0.5,1.72,8
2022-08-03 17:00,29.6,,1.1,97,0.6,1.71,8
2022-08-03 18:00,29.4,,1.6,98,0.5,0.87,8
2022-08-03 19:00,28.9,0,2.6,98,0.5,0.44,8
2022-08-03 20:00,28.4,,0.9,99,0.1,0.1,8
2022-08-03 21:00,27.9,,1.3,99,,,7
2022-08-03 22:00,27.3,,1.8,99,,,7
2022-08-03 23:00,26.9,,1.6,99,,,6
2022-08-04 0:00,26.8,,1.7,99,,,6
2022-08-04 1:00,26.8,,2.1,99,,,6
2022-08-04 2:00,26.6,,1.6,99,,,5
2022-08-04 3:00,26.4,,0.9,99,,,3
2022-08-04 4:00,26.5,,1.4,99,,,7
2022-08-04 5:00,26.4,,0.5,99,,,5
2022-08-04 6:00,26.5,,0.5,99,0,0.06,6
2022-08-04 7:00,26.9,,0.6,99,0.3,0.29,4
2022-08-04 8:00,27.5,,1.1,99,0.2,0.57,8
2022-08-04 9:00,28.7,,1.3,98,0.5,1.19,8
2022-08-04 10:00,30,,1.4,91,0.8,1.92,9
2022-08-04 11:00,30.6,,1.9,80,0.8,2.53,7
2022-08-04 12:00,30.8,,1.5,79,0.7,2.8,7
2022-08-04 13:00,31.5,,1.1,77,0.4,2.25,8
2022-08-04 14:00,31.3,,2.4,82,0.4,1.83,9
2022-08-04 15:00,32.4,,0.8,72,0.9,2.61,7
2022-08-04 16:00,32.9,,1.9,77,0.7,1.94,8
2022-08-04 17:00,32.6,,2.2,71,1,2.2,7
2022-08-04 18:00,31.5,,2,83,0.6,0.97,7
2022-08-04 19:00,30.3,,2.6,87,0.9,0.61,7
2022-08-04 20:00,29.2,,1.8,91,0.1,0.11,4
2022-08-04 21:00,28.8,,2,96,,,2
2022-08-04 22:00,28.1,,1.8,99,,,2
2022-08-04 23:00,27.7,,1,99,,,2
2022-08-05 0:00,27.1,,2.1,99,,,2
2022-08-05 1:00,27,,1.5,99,,,2
2022-08-05 2:00,26.8,,1.5,99,,,1
2022-08-05 3:00,27,,1.6,99,,,4
2022-08-05 4:00,26.9,,1.6,99,,,4
2022-08-05 5:00,26.7,,1.6,99,,,6
2022-08-05 6:00,26.7,0,1.4,99,0,0.06,8
2022-08-05 7:00,27.1,,1.8,99,0,0.22,6
2022-08-05 8:00,27.4,,2.9,99,0,0.37,9
2022-08-05 9:00,28.3,,2.1,99,0,0.67,9
2022-08-05 10:00,29.5,,1.8,98,0.1,0.98,7
2022-08-05 11:00,30.7,,2.9,83,0.6,1.98,7
2022-08-05 12:00,31,,2,81,0.2,1.61,9
2022-08-05 13:00,30.8,,3,83,0.3,1.66,9
2022-08-05 14:00,32.5,,2.4,74,0.4,1.84,6
2022-08-05 15:00,32.3,,2.7,82,0.7,2.03,8
2022-08-05 16:00,32,,3.2,83,0.6,1.65,7
2022-08-05 17:00,31.3,,2.7,84,0.6,1.14,5
2022-08-05 18:00,30.6,,2.9,88,0.4,0.66,3
2022-08-05 19:00,29.8,,2.9,91,0.9,0.45,3
2022-08-05 20:00,29.2,,1.9,98,0,0.08,2
2022-08-05 21:00,28.6,,2,99,,,3
2022-08-05 22:00,28.4,,1.6,99,,,1
2022-08-05 23:00,28.1,,1.4,99,,,4
2022-08-06 0:00,27.8,,1.6,99,,,7
2022-08-06 1:00,27.6,,1,99,,,5
2022-08-06 2:00,27.6,,1.6,99,,,7
2022-08-06 3:00,27.5,,1.9,99,,,7
2022-08-06 4:00,27.4,,1.7,99,,,7
2022-08-06 5:00,27.3,,1.8,99,,,8
2022-08-06 6:00,27.3,,1.3,99,0,0.06,8
2022-08-06 7:00,27.6,,1.5,99,0,0.26,9
2022-08-06 8:00,28.5,,1.3,99,0.1,0.63,7
2022-08-06 9:00,29.3,,1.2,97,0.4,1.21,8
2022-08-06 10:00,29.8,,1.8,97,0.3,1.05,8
2022-08-06 11:00,30,,1.4,94,0.3,1.48,8
2022-08-06 12:00,31.3,,1.4,84,0.5,1.99,7
2022-08-06 13:00,32.7,,1.8,83,0.8,2.71,6
2022-08-06 14:00,33.1,,1.7,75,0.7,2.44,6
2022-08-06 15:00,33.4,,2.6,74,0.9,2.87,6
2022-08-06 16:00,32.9,,3,79,0.8,2.22,5
2022-08-06 17:00,32.8,,2.2,76,0.8,1.44,7
2022-08-06 18:00,32.7,,2.6,80,0.6,0.91,6
2022-08-06 19:00,31.4,,2.3,84,0.5,0.45,3
2022-08-06 20:00,30.3,,2.2,93,0,0.08,3
2022-08-06 21:00,29.6,,2.9,99,,,5
2022-08-06 22:00,28.8,,2.7,99,,,2
2022-08-06 23:00,28.1,,2.8,98,,,4
2022-08-07 0:00,28,,1.3,99,,,8
2022-08-07 1:00,27.9,,1.1,99,,,2
2022-08-07 2:00,27.6,,0.9,99,,,1
2022-08-07 3:00,27.5,,2.1,99,,,2
2022-08-07 4:00,27.7,,2.1,99,,,8
2022-08-07 5:00,27.6,,1.8,99,,,7
2022-08-07 6:00,27.8,,1.5,99,0,0.06,8
2022-08-07 7:00,27.9,,0.9,99,0,0.2,4
2022-08-07 8:00,28.8,,1.6,99,0.2,0.53,8
2022-08-07 9:00,29.8,,2.3,93,0.7,1.39,2
2022-08-07 10:00,31.1,,1.7,86,0.9,1.9,7
2022-08-07 11:00,32.5,,1.9,81,0.8,2.52,8
2022-08-07 12:00,33.1,,2.4,75,0.6,2.1,8
2022-08-07 13:00,33.6,,2.4,73,0.9,3.15,7
2022-08-07 14:00,33,,3.1,77,0.9,2.85,7
2022-08-07 15:00,33.2,,5,67,0.9,2.7,8
2022-08-07 16:00,32.6,,3.9,73,1,2.41,8
2022-08-07 17:00,32.1,,3.8,75,1,1.68,8
2022-08-07 18:00,30.9,,3.1,84,0.3,0.71,8
2022-08-07 19:00,30.1,,3,89,0,0.32,9
2022-08-07 20:00,29.1,,3.1,96,0,0.07,9
2022-08-07 21:00,28.6,,1.3,98,,,4
2022-08-07 22:00,28.7,,2.3,94,,,8
2022-08-07 23:00,28.4,,2.9,96,,,9
2022-08-08 0:00,28.4,,2.4,97,,,7
2022-08-08 1:00,28.2,,3.3,97,,,8
2022-08-08 2:00,28,,3,98,,,8
2022-08-08 3:00,27.9,,2.9,98,,,8
2022-08-08 4:00,27.8,,2.5,97,,,3
2022-08-08 5:00,27.8,,1.9,97,,,6
2022-08-08 6:00,27.4,,3,98,0,0.06,6
2022-08-08 7:00,27.6,,3.7,98,0,0.17,6
2022-08-08 8:00,28.4,,3,97,0.3,0.67,5
2022-08-08 9:00,29,,5.6,94,0.2,1.06,8
2022-08-08 10:00,30.1,,5.3,85,0.7,1.76,9
2022-08-08 11:00,30.8,,4.8,75,1,2.44,8
2022-08-08 12:00,30.6,,4.9,80,0.4,1.96,8
2022-08-08 13:00,30.8,,4.9,81,0,1.83,8
2022-08-08 14:00,31.5,,3.2,77,0.6,2.06,8
2022-08-08 15:00,30.8,,4.7,80,0.2,1.8,8
2022-08-08 16:00,30.6,,3.8,82,0,1.32,10
2022-08-08 17:00,29.9,,3.2,85,0,0.79,10
2022-08-08 18:00,29.5,,3,85,0,0.5,10
2022-08-08 19:00,28.9,,4,90,0,0.22,9
2022-08-08 20:00,28.4,,3,93,0,0.07,9
2022-08-08 21:00,28,,2.7,95,,,10
2022-08-08 22:00,27.8,,3.2,96,,,7
2022-08-08 23:00,27.7,,2.6,94,,,5
2022-08-09 0:00,27.4,,2.8,97,,,5
